Post,Candidate Name,Ballot Number,Department,Hall
সহ-সভাপতি ,আবদুল ওয়াহেদ,1,আরবি বিভাগ,সূর্যসেন হল
সহ-সভাপতি ,আব্দুল কাদের,2,সমাজকল্যাণ ও গবেষণা ইনস্টিটিউট,বিজয় একাত্তর হল
সহ-সভাপতি ,আরিফুল ইসলাম,3,উন্নয়ন অধ্যয়ন বিভাগ,শহীদ সার্জেন্ট জহুরুল হক হল
সহ-সভাপতি ,আল আমিন ইসলাম,4,ইংরেজী বিভাগ,সূর্যসেন হল
সহ-সভাপতি ,আসিফ আনোয়ার অন্তিক,5,যোগাযোগ বৈকল্য বিভাগ,হাজী মুহম্মদ মুহসীন হল
সহ-সভাপতি ,উমামা ফাতেমা,6,প্রাণরসায়ন ও অনুপ্রাণ বিজ্ঞান বিভাগ,কবি সুফিয়া কামাল হল
সহ-সভাপতি ,ছাদেক হোসেন,7,ইসলামিক স্টাডিজ বিভাগ,বিজয় একাত্তর হল
সহ-সভাপতি ,জালাল আহমদ (জ্বালাময়ী জালাল),8,টিভি ও চলচ্চিত্র অধ্যয়ন বিভাগ,হাজী মুহম্মদ মুহসীন হল
সহ-সভাপতি ,জাহিদ হাসান,9,প্রাণিবিদ্যা বিভাগ,স্যার এ এফ রহমান হল
সহ-সভাপতি ,তাহমিনা আক্তার,10,দর্শন বিভাগ,বঙ্গমাতা শেখ ফজিলাতুন্নেছা মুজিব হল
সহ-সভাপতি ,দ্বীন মোহাম্মদ সোহাগ (আলাদীন),11,ভাষাবিজ্ঞান বিভাগ,সূর্যসেন হল
সহ-সভাপতি ,মারজিয়া হোসেন জামিলা,12,ভূগোল ও পরিবেশ বিভাগ,কবি সুফিয়া কামাল হল
সহ-সভাপতি ,মাহদী হাসান,13,ফলিত গণিত বিভাগ,ফজলুল হক মুসলিম হল
সহ-সভাপতি ,মুহাম্মাদ আবু তৈয়ব (হাবিলদার),14,উর্দু বিভাগ,সলিমুল্লাহ মুসলিম হল
সহ-সভাপতি ,মো: দেলোয়ার হোসেন,15,আরবি বিভাগ,কবি জসীম উদ্দীন হল
সহ-সভাপতি ,মো: আজগর ব্যাপারী,16,ভূগোল ও পরিবেশ বিভাগ,অমর একুশে হল
সহ-সভাপতি ,মো: জামাল উদ্দীন (খালিদ),17,আরবি বিভাগ,কবি জসীম উদ্দীন হল
সহ-সভাপতি ,মো: শাফি রহমান,18,ব্যবস্থাপনা বিভাগ,মুক্তিযোদ্ধা জিয়াউর রহমান হল
সহ-সভাপতি ,মো:বিনইয়ামীন মোল্লা,19,লোকপ্রশাসন বিভাগ,স্যার এ এফ রহমান হল
সহ-সভাপতি ,মোঃ আতাউর রহমান শিপন,20,ফারসি ভাষা ও সাহিত্য বিভাগ,শহীদ সার্জেন্ট জহুরুল হক হল
সহ-সভাপতি ,মোঃ আবিদুল ইসলাম খান,21,ইসলামিক স্টাডিজ বিভাগ,শেখ মুজিবুর রহমান হল
সহ-সভাপতি ,মোঃ আবু সাদিক (সাদিক কায়েম),22,রাষ্ট্রবিজ্ঞান বিভাগ,শেখ মুজিবুর রহমান হল
সহ-সভাপতি ,মোঃ আবুল হোসাইন,23,সমাজবিজ্ঞান বিভাগ,শেখ মুজিবুর রহমান হল
সহ-সভাপতি ,মোঃ ইয়াছিন আরাফাত,24,ইসলামিক স্টাডিজ বিভাগ,শেখ মুজিবুর রহমান হল
সহ-সভাপতি ,মোঃ উজ্জল হোসেন,25,মার্কেটিং বিভাগ,মুক্তিযোদ্ধা জিয়াউর রহমান হল
সহ-সভাপতি ,মোঃ নাইম হাসান,27,যোগাযোগ বৈকল্য বিভাগ,বিজয় একাত্তর হল
সহ-সভাপতি ,মোঃ নাছিম উদ্দিন,28,গণিত বিভাগ,অমর একুশে হল
সহ-সভাপতি ,মোঃ ফয়সাল আহমেদ,29,দর্শন বিভাগ,মুক্তিযোদ্ধা জিয়াউর রহমান হল
সহ-সভাপতি ,মোঃ মুদাব্বীর রহমান,30,ইতিহাস বিভাগ,শেখ মুজিবুর রহমান হল
সহ-সভাপতি ,মোঃ রাসেল মাহমুদ,31,ইসলামের ইতিহাস ও সংস্কৃতি বিভাগ,হাজী মুহম্মদ মুহসীন হল
সহ-সভাপতি ,মোঃ সুজন হোসেন,32,ইসলামিক স্টাডিজ বিভাগ,হাজী মুহম্মদ মুহসীন হল
সহ-সভাপতি ,মোঃ সোহানুর রহমান,33,ইসলামিক স্টাডিজ বিভাগ,স্যার এ এফ রহমান হল
সহ-সভাপতি ,মোঃ হাবিবুল্লাহ,34,আইন বিভাগ,শহীদ সার্জেন্ট জহুরুল হক হল
সহ-সভাপতি ,মোঃ হেলালুর রহমান,35,লোকপ্রশাসন বিভাগ,স্যার এ এফ রহমান হল
সহ-সভাপতি ,মোসাঃ জান্নাতী বুলবুল,36,সংস্কৃত বিভাগ,রোকেয়া হল
সহ-সভাপতি ,যায়েদ বিন ইকবাল,37,জাপানিজ স্টাডিজ বিভাগ,কবি জসীম উদ্দীন হল
সহ-সভাপতি ,রাকিবুল হাসান,38,ইসলামিক স্টাডিজ বিভাগ,শেখ মুজিবুর রহমান হল
সহ-সভাপতি ,রাসেল হক,39,ভূগোল ও পরিবেশ বিভাগ,ড. মুহম্মদ শহীদুল্লাহ হল
সহ-সভাপতি ,রাহুল দেব রায়,40,মনোবিজ্ঞান বিভাগ,জগন্নাথ হল
সহ-সভাপতি ,রিয়াজ উদ্দিন আহমেদ,41,পরিসংখ্যান বিভাগ,ড. মুহম্মদ শহীদুল্লাহ হল
সহ-সভাপতি ,শামীম হোসেন,42,ইংরেজী বিভাগ,বিজয় একাত্তর হল
সহ-সভাপতি ,শাহ্ জামাল সায়েম,43,আধুনিক ভাষা ইনস্টিটিউট,কবি জসীম উদ্দীন হল
সহ-সভাপতি ,শেখ তাসনিম আফরোজ (ইমি),44,সমাজবিজ্ঞান বিভাগ,শামসুন নাহার হল
সহ-সভাপতি ,সুমিত সেন,45,ভাস্কর্য বিভাগ,জগন্নাথ হল
সাধারণ সম্পাদক ,আরফাত চৌধুরী,1,আইন বিভাগ,সূর্যসেন হল
সাধারণ সম্পাদক ,আল সাদি তুইয়া,2,নৃবিজ্ঞান বিভাগ,সূর্যসেন হল
সাধারণ সম্পাদক ,অনামুল হাসান অনয়,3,রাষ্ট্রবিজ্ঞান বিভাগ,সূর্যসেন হল
সাধারণ সম্পাদক ,"এস,এম,ফরহাদ",4,সমাজকল্যাণ ও গবেষণা ইনস্টিটিউট,শেখ মুজিবুর রহমান হল
সাধারণ সম্পাদক ,মাহমুদুন হাসান,5,মার্কেটিং বিভাগ,হাজী মুহম্মদ মুহসীন হল
সাধারণ সম্পাদক ,মেঘমল্লার বসু,6,শান্তি ও সংঘর্ষ অধ্যয়ন বিভাগ,জগন্নাথ হল
সাধারণ সম্পাদক ,মো: নাহিম ইসলাম,7,মার্কেটিং বিভাগ,সূর্যসেন হল
সাধারণ সম্পাদক ,মো: আশিকুর রহমান,8,ইংরেজী বিভাগ,সূর্যসেন হল
সাধারণ সম্পাদক ,মো: মোস্তাফিজুর রহমান মাসুম,9,আধুনিক ভাষা ইনস্টিটিউট,মুক্তিযোদ্ধা জিয়াউর রহমান হল
সাধারণ সম্পাদক ,মো: শাহরুল আহসান মারজান,10,আন্তর্জাতিক সম্পর্ক বিভাগ,সলিমুল্লাহ মুসলিম হল
সাধারণ সম্পাদক ,মো: আবু বাখের মজুমদার,11,ভূতত্ত্ব বিভাগ,ফজলুল হক মুসলিম হল
সাধারণ সম্পাদক ,মো: আবু সাঈদ বিন মাহিন সরকার,12,বাংলা বিভাগ,মুক্তিযোদ্ধা জিয়াউর রহমান হল
সাধারণ সম্পাদক ,মো: নিয়াজ মাহমুদ,13,ম্যানেজমেন্ট ইনফরমেশন সিস্টেমস বিভাগ,স্যার এ এফ রহমান হল
সাধারণ সম্পাদক ,মো: রফিকুল হাসান মুনী,14,পরিসংখ্যান বিভাগ,অমর একুশে হল
সাধারণ সম্পাদক ,মো: শরিফুল ইসলাম ভূঁইয়া,15,দর্শন বিভাগ,সূর্যসেন হল
সাধারণ সম্পাদক ,মো: সম্রাট ইসলাম,16,দর্শন বিভাগ,কবি জসীম উদ্দীন হল
সাধারণ সম্পাদক ,শেখ তানভীর বারি রাহিম,17,উইমেন এন্ড জেন্ডার স্টাডিজ বিভাগ,কবি জসীম উদ্দীন হল
সাধারণ সম্পাদক ,সাইদুজ্জমান বাশার,18,লোকপ্রশাসন বিভাগ,স্যার এ এফ রহমান হল
সাধারণ সম্পাদক ,সামিনা ইসলামিন,19,শান্তি ও সংঘর্ষ অধ্যয়ন বিভাগ,রোকেয়া হল
সহ-সাধারণ সম্পাদক,অদিতি ইসলাম,1,দর্শন বিভাগ,বাংলাদেশ-কুয়েত মৈত্রী হল
সহ-সাধারণ সম্পাদক,আকাশ বিশ্বাস ইমু,2,ইন্টারন্যাশনাল বিজনেস বিভাগ,জগন্নাথ হল
সহ-সাধারণ সম্পাদক,আরমানুল হক,3,আন্তর্জাতিক সম্পর্ক বিভাগ,কবি জসীম উদ্দীন হল
সহ-সাধারণ সম্পাদক,আলা উদ্দিন,4,আরবি বিভাগ,স্যার এ এফ রহমান হল
সহ-সাধারণ সম্পাদক,আশরেফা খাতুন,5,আন্তর্জাতিক সম্পর্ক বিভাগ,শামসুন নাহার হল
সহ-সাধারণ সম্পাদক,আহনাফ হোসেন চৌধুরী আদিল,6,পরিসংখ্যান বিভাগ,অমর একুশে হল
সহ-সাধারণ সম্পাদক,জাহেদ আহমদ,7,সমাজবিজ্ঞান বিভাগ,সূর্যসেন হল
সহ-সাধারণ সম্পাদক,তানভীর আল হাদি মায়েদ,8,গণযোগাযোগ ও সাংবাদিকতা বিভাগ,বিজয় একাত্তর হল
সহ-সাধারণ সম্পাদক,তাহমীদ আল মুদ্দাসসীর চৌধুরী,9,বিশ্ব ধর্ম ও সংস্কৃতি বিভাগ,শহীদ সার্জেন্ট জহুরুল হক হল
সহ-সাধারণ সম্পাদক,ফরহাদ হোসেন,10,সমাজবিজ্ঞান বিভাগ,মুক্তিযোদ্ধা জিয়াউর রহমান হল
সহ-সাধারণ সম্পাদক,ফাতেহা শারমিন (এ্যানি),11,ইসলামিক স্টাডিজ বিভাগ,শামসুন নাহার হল
সহ-সাধারণ সম্পাদক,ফাহাদ আব্দুল্লাহ,12,জাপানিজ স্টাডিজ বিভাগ,শেখ মুজিবুর রহমান হল
সহ-সাধারণ সম্পাদক,মাহিউদ্দীন আবিদ,13,শিল্পকলার ইতিহাস বিভাগ,বিজয় একাত্তর হল
সহ-সাধারণ সম্পাদক,মুহাঃ মহিউদ্দীন খান,14,লোকপ্রশাসন বিভাগ,কবি জসীম উদ্দীন হল
সহ-সাধারণ সম্পাদক,মো: আশিকুর রহমান জীম,15,আইন বিভাগ,সূর্যসেন হল
সহ-সাধারণ সম্পাদক,মো: শাহরিয়ার নাফিস,16,শান্তি ও সংঘর্ষ অধ্যয়ন বিভাগ,শহীদ সার্জেন্ট জহুরুল হক হল
সহ-সাধারণ সম্পাদক,মো. আহম্মেদ হাশেমী দেশ,17,রসায়ন বিভাগ,ড. মুহম্মদ শহীদুল্লাহ হল
সহ-সাধারণ সম্পাদক,মো. জাবির আহমেদ জুবেল,18,ফিন্যান্স বিভাগ,শহীদ সার্জেন্ট জহুরুল হক হল
সহ-সাধারণ সম্পাদক,মো. হাসিবুল ইসলাম (হাসিব আল-ইসলাম),19,সমাজবিজ্ঞান বিভাগ,শেখ মুজিবুর রহমান হল
সহ-সাধারণ সম্পাদক,মোঃ জুবাইরুল হাসান,20,উদ্ভিদ বিজ্ঞান বিভাগ,অমর একুশে হল
সহ-সাধারণ সম্পাদক,"মোঃ মহিউদ্দিন হাওলাদার (মহিউদ্দিন
                                        রনি)",21,নাট্য ও প্রদর্শন কলা অধ্যয়ন বিভাগ,শহীদ সার্জেন্ট জহুরুল হক হল
সহ-সাধারণ সম্পাদক,মোঃ মুস্তাকিম বিল্লাহ রাকিব,22,পপুলেশন সায়েন্সেস বিভাগ,হাজী মুহম্মদ মুহসীন হল
সহ-সাধারণ সম্পাদক,রাকিবুল ইসলাম,23,মার্কেটিং বিভাগ,সলিমুল্লাহ মুসলিম হল
সহ-সাধারণ সম্পাদক,সানজানা আফিফা (অদিতি),24,একাউন্টিং এন্ড ইনফরমেশন সিস্টেমস বিভাগ,শামসুন নাহার হল
সহ-সাধারণ সম্পাদক,সৈয়দ মোঃ সামীর ফাইয়াজ,25,পদার্থ বিজ্ঞান বিভাগ,ফজলুল হক মুসলিম হল
"মুক্তিযুদ্ধ ও গণতান্ত্রিক আন্দোলন
                                    সম্পাদক ",আবু বকর সিদ্দিক,1,শিক্ষা ও গবেষণা ইনস্টিটিউট,হাজী মুহম্মদ মুহসীন হল
"মুক্তিযুদ্ধ ও গণতান্ত্রিক আন্দোলন
                                    সম্পাদক ",আব্দুল্লাহ সালেহীন অয়ন,2,গণিত বিভাগ,ড. মুহম্মদ শহীদুল্লাহ হল
"মুক্তিযুদ্ধ ও গণতান্ত্রিক আন্দোলন
                                    সম্পাদক ",আয়ান আব্দুল্লাহ,3,অর্গ্যানাইজেশন স্ট্র্যাটেজি এন্ড লিডারশীপ বিভাগ,সূর্যসেন হল
"মুক্তিযুদ্ধ ও গণতান্ত্রিক আন্দোলন
                                    সম্পাদক ",আরিফুল ইসলাম,4,সমাজবিজ্ঞান বিভাগ,সূর্যসেন হল
"মুক্তিযুদ্ধ ও গণতান্ত্রিক আন্দোলন
                                    সম্পাদক ",আলিফ ইমরান লিবন,5,ব্যবস্থাপনা বিভাগ,বিজয় একাত্তর হল
"মুক্তিযুদ্ধ ও গণতান্ত্রিক আন্দোলন
                                    সম্পাদক ",আশিকুর রহমান,6,সমাজবিজ্ঞান বিভাগ,মুক্তিযোদ্ধা জিয়াউর রহমান হল
"মুক্তিযুদ্ধ ও গণতান্ত্রিক আন্দোলন
                                    সম্পাদক ",ছাজিদ রহমান,7,নাট্য ও প্রদর্শন কলা অধ্যয়ন বিভাগ,শহীদ সার্জেন্ট জহুরুল হক হল
"মুক্তিযুদ্ধ ও গণতান্ত্রিক আন্দোলন
                                    সম্পাদক ",নুমান আহমাদ চৌধুরী,8,গণযোগাযোগ ও সাংবাদিকতা বিভাগ,বিজয় একাত্তর হল
"মুক্তিযুদ্ধ ও গণতান্ত্রিক আন্দোলন
                                    সম্পাদক ",ফাতেমা তাসনিম জুমা,9,অপরাধ বিজ্ঞান বিভাগ,কবি সুফিয়া কামাল হল
"মুক্তিযুদ্ধ ও গণতান্ত্রিক আন্দোলন
                                    সম্পাদক ",বি এম ফাহমিদা আলম,10,অঙ্কন ও চিত্রায়ন বিভাগ,শামসুন নাহার হল
"মুক্তিযুদ্ধ ও গণতান্ত্রিক আন্দোলন
                                    সম্পাদক ",মাহামুদ শিকদার,11,ইতিহাস বিভাগ,বিজয় একাত্তর হল
"মুক্তিযুদ্ধ ও গণতান্ত্রিক আন্দোলন
                                    সম্পাদক ",মাহির আজরফ,12,ফলিত রসায়ন ও কেমিকৌশল বিভাগ,ড. মুহম্মদ শহীদুল্লাহ হল
"মুক্তিযুদ্ধ ও গণতান্ত্রিক আন্দোলন
                                    সম্পাদক ",মেহেরাজ মাহমুদ আলভী,13,আইন বিভাগ,কবি জসীম উদ্দীন হল
"মুক্তিযুদ্ধ ও গণতান্ত্রিক আন্দোলন
                                    সম্পাদক ",মো: হৃদয় আহম্মেদ,14,"মৃত্তিকা, পানি ও পরিবেশ বিভাগ",অমর একুশে হল
"মুক্তিযুদ্ধ ও গণতান্ত্রিক আন্দোলন
                                    সম্পাদক ",মোঃ আবু সাঈদ,15,আরবি বিভাগ,হাজী মুহম্মদ মুহসীন হল
"মুক্তিযুদ্ধ ও গণতান্ত্রিক আন্দোলন
                                    সম্পাদক ",মোজাম্মেল হক,16,রাষ্ট্রবিজ্ঞান বিভাগ,শেখ মুজিবুর রহমান হল
"মুক্তিযুদ্ধ ও গণতান্ত্রিক আন্দোলন
                                    সম্পাদক ",শাহাদাৎ হোসেন,17,ইসলামের ইতিহাস ও সংস্কৃতি বিভাগ,বিজয় একাত্তর হল
বিজ্ঞান ও প্রযুক্তি সম্পাদক ,আবদুল্লাহ ইবনে হানিফ আরিয়ান,1,কম্পিউটার বিজ্ঞান ও প্রকৌশল বিভাগ,ফজলুল হক মুসলিম হল
বিজ্ঞান ও প্রযুক্তি সম্পাদক ,আহমাদ হাসান তালহা,2,আরবি বিভাগ,স্যার এ এফ রহমান হল
বিজ্ঞান ও প্রযুক্তি সম্পাদক ,আহাদ বিন ইসলাম শোয়েব,3,কম্পিউটার বিজ্ঞান ও প্রকৌশল বিভাগ,ফজলুল হক মুসলিম হল
বিজ্ঞান ও প্রযুক্তি সম্পাদক ,জুয়াইরিয়া আক্তার,4,অণুজীব বিজ্ঞান বিভাগ,কবি সুফিয়া কামাল হল
বিজ্ঞান ও প্রযুক্তি সম্পাদক ,ফাতিন ইশরাক,5,পদার্থ বিজ্ঞান বিভাগ,ফজলুল হক মুসলিম হল
বিজ্ঞান ও প্রযুক্তি সম্পাদক ,ফারহান লাবীব,6,নিউক্লিয়ার ইঞ্জিনিয়ারিং বিভাগ,অমর একুশে হল
বিজ্ঞান ও প্রযুক্তি সম্পাদক ,মো: এহসানুল ইসলাম,7,তথ্য প্রযুক্তি ইনস্টিটিউট,ড. মুহম্মদ শহীদুল্লাহ হল
বিজ্ঞান ও প্রযুক্তি সম্পাদক ,মো: শাকিব খান,8,তড়িৎ ও ইলেক্ট্রনিক কৌশল বিভাগ,ড. মুহম্মদ শহীদুল্লাহ হল
বিজ্ঞান ও প্রযুক্তি সম্পাদক ,মো: সজীব হোসেন,9,উইমেন এন্ড জেন্ডার স্টাডিজ বিভাগ,বিজয় একাত্তর হল
বিজ্ঞান ও প্রযুক্তি সম্পাদক ,মো. রিয়াজ মৃধা,10,অণুজীব বিজ্ঞান বিভাগ,ফজলুল হক মুসলিম হল
বিজ্ঞান ও প্রযুক্তি সম্পাদক ,মোঃ ইকবাল হায়দার,11,ফলিত রসায়ন ও কেমিকৌশল বিভাগ,ফজলুল হক মুসলিম হল
বিজ্ঞান ও প্রযুক্তি সম্পাদক ,মোঃ মমিনুল ইসলাম (বিধান),12,প্রাণরসায়ন ও অনুপ্রাণ বিজ্ঞান বিভাগ,অমর একুশে হল
"কমনরুম, রিডিংরুম ও ক্যাফেটেরিয়া
                                    সম্পাদক ",উম্মে ছালমা,1,ইংরেজী বিভাগ,কবি সুফিয়া কামাল হল
"কমনরুম, রিডিংরুম ও ক্যাফেটেরিয়া
                                    সম্পাদক ",চেমন ফারিয়া ইসলাম মেঘলা,2,সংগীত বিভাগ,রোকেয়া হল
"কমনরুম, রিডিংরুম ও ক্যাফেটেরিয়া
                                    সম্পাদক ",জেইসান বকুল রিয়া (জেরী),3,শিক্ষা ও গবেষণা ইনস্টিটিউট,বঙ্গমাতা শেখ ফজিলাতুন্নেছা মুজিব হল
"কমনরুম, রিডিংরুম ও ক্যাফেটেরিয়া
                                    সম্পাদক ",তাজিন মোহাম্মদ আলবি,4,তথ্যবিজ্ঞান ও গ্রন্থাগার ব্যবস্থাপনা বিভাগ,শহীদ সার্জেন্ট জহুরুল হক হল
"কমনরুম, রিডিংরুম ও ক্যাফেটেরিয়া
                                    সম্পাদক ",নূজিয়া হাসিন (রাশা),5,ভাষাবিজ্ঞান বিভাগ,বঙ্গমাতা শেখ ফজিলাতুন্নেছা মুজিব হল
"কমনরুম, রিডিংরুম ও ক্যাফেটেরিয়া
                                    সম্পাদক ",ফারজানা আক্তার (মিতু),6,উর্দু বিভাগ,রোকেয়া হল
"কমনরুম, রিডিংরুম ও ক্যাফেটেরিয়া
                                    সম্পাদক ",মিতু আক্তার,7,ফারসি ভাষা ও সাহিত্য বিভাগ,রোকেয়া হল
"কমনরুম, রিডিংরুম ও ক্যাফেটেরিয়া
                                    সম্পাদক ",মোঃ আরিফুল ইসলাম,8,আধুনিক ভাষা ইনস্টিটিউট,মুক্তিযোদ্ধা জিয়াউর রহমান হল
"কমনরুম, রিডিংরুম ও ক্যাফেটেরিয়া
                                    সম্পাদক ",মোছাঃ জাকিয়া আক্তার,9,প্রিন্টিং এন্ড পাবলিকেশন স্টাডিজ বিভাগ,কবি সুফিয়া কামাল হল
"কমনরুম, রিডিংরুম ও ক্যাফেটেরিয়া
                                    সম্পাদক ",সাদিয়া তাবাস্সুম তামান্না,10,শান্তি ও সংঘর্ষ অধ্যয়ন বিভাগ,বাংলাদেশ-কুয়েত মৈত্রী হল
"কমনরুম, রিডিংরুম ও ক্যাফেটেরিয়া
                                    সম্পাদক ",সুর্মী চাকমা,11,রাষ্ট্রবিজ্ঞান বিভাগ,শামসুন নাহার হল
আন্তর্জাতিক সম্পাদক ,আকিব হাসান,1,শান্তি ও সংঘর্ষ অধ্যয়ন বিভাগ,স্যার এ এফ রহমান হল
আন্তর্জাতিক সম্পাদক ,ইমরান মিয়া (সাদমান),2,শিল্পকলার ইতিহাস বিভাগ,হাজী মুহম্মদ মুহসীন হল
আন্তর্জাতিক সম্পাদক ,এইচ. এ. এম. ফাহিম কবির,3,স্বাস্থ্য অর্থনীতি ইনস্টিটিউট,স্যার এ এফ রহমান হল
আন্তর্জাতিক সম্পাদক ,জসীমউদ্দিন খান (খান জসীম),4,রাষ্ট্রবিজ্ঞান বিভাগ,বিজয় একাত্তর হল
আন্তর্জাতিক সম্পাদক ,তাসনিম বিন মাহফুজ,5,অর্থনীতি বিভাগ,বিজয় একাত্তর হল
আন্তর্জাতিক সম্পাদক ,নাফিজ বাশার আলিফ,6,লোকপ্রশাসন বিভাগ,শহীদ সার্জেন্ট জহুরুল হক হল
আন্তর্জাতিক সম্পাদক ,মুস্তাকীম মাহমুদ রাহীম,7,ইসলামিক স্টাডিজ বিভাগ,শহীদ সার্জেন্ট জহুরুল হক হল
আন্তর্জাতিক সম্পাদক ,মেহেদী হাসান,8,রাষ্ট্রবিজ্ঞান বিভাগ,বিজয় একাত্তর হল
আন্তর্জাতিক সম্পাদক ,মো. শাকিব মাহামুদ,9,আন্তর্জাতিক সম্পর্ক বিভাগ,কবি জসীম উদ্দীন হল
আন্তর্জাতিক সম্পাদক ,মোঃ আতাউর রহমান(অপু),10,আধুনিক ভাষা ইনস্টিটিউট,হাজী মুহম্মদ মুহসীন হল
আন্তর্জাতিক সম্পাদক ,মোঃ তোফাজ্জল হক আকাশ,11,লেদার ইঞ্জিনিয়ারিং ও টেকনোলজী ইনস্টিটিউট,শহীদ সার্জেন্ট জহুরুল হক হল
আন্তর্জাতিক সম্পাদক ,মোঃ নাঈমুদ্দীন,12,নৃবিজ্ঞান বিভাগ,শহীদ সার্জেন্ট জহুরুল হক হল
আন্তর্জাতিক সম্পাদক ,মোহাম্মদ আলী,13,ইসলামিক স্টাডিজ বিভাগ,শহীদ সার্জেন্ট জহুরুল হক হল
আন্তর্জাতিক সম্পাদক ,মোহাম্মদ সাকিব,14,আন্তর্জাতিক সম্পর্ক বিভাগ,মুক্তিযোদ্ধা জিয়াউর রহমান হল
সাহিত্য ও সাংস্কৃতিক সম্পাদক ,অনিদ হাসান,1,ভূতত্ত্ব বিভাগ,অমর একুশে হল
সাহিত্য ও সাংস্কৃতিক সম্পাদক ,আবদুল্লাহ ইবনে হাসান জামিল,2,ব্যাংকিং ও ইন্সুরেন্স বিভাগ,শেখ মুজিবুর রহমান হল
সাহিত্য ও সাংস্কৃতিক সম্পাদক ,আবু হায়াত মোঃ জুলফিকার (জেসান),3,প্রিন্ট মেকিং বিভাগ,স্যার এ এফ রহমান হল
সাহিত্য ও সাংস্কৃতিক সম্পাদক ,এইচ.এম. আমিরুল করিম (অমি),4,ইংরেজী বিভাগ,শেখ মুজিবুর রহমান হল
সাহিত্য ও সাংস্কৃতিক সম্পাদক ,জিনিয়া আক্তার সুইটি,5,নৃত্যকলা বিভাগ,বঙ্গমাতা শেখ ফজিলাতুন্নেছা মুজিব হল
সাহিত্য ও সাংস্কৃতিক সম্পাদক ,নাঈম হোসেন,6,সংস্কৃত বিভাগ,বিজয় একাত্তর হল
সাহিত্য ও সাংস্কৃতিক সম্পাদক ,নুরুল ইসলাম,7,সমাজবিজ্ঞান বিভাগ,বিজয় একাত্তর হল
সাহিত্য ও সাংস্কৃতিক সম্পাদক ,ফারিয়া মতিন (ইলা),8,ব্যাংকিং ও ইন্সুরেন্স বিভাগ,বাংলাদেশ-কুয়েত মৈত্রী হল
সাহিত্য ও সাংস্কৃতিক সম্পাদক ,মুসাদ্দিক আলী ইবনে মোহাম্মাদ,9,বাংলা বিভাগ,মুক্তিযোদ্ধা জিয়াউর রহমান হল
সাহিত্য ও সাংস্কৃতিক সম্পাদক ,মো: আবু রাশেদ,10,সংগীত বিভাগ,সলিমুল্লাহ মুসলিম হল
সাহিত্য ও সাংস্কৃতিক সম্পাদক ,মো: মাহাবুব খালাসী,11,আন্তর্জাতিক সম্পর্ক বিভাগ,স্যার এ এফ রহমান হল
সাহিত্য ও সাংস্কৃতিক সম্পাদক ,মো:নাজমুল হাসান,12,আধুনিক ভাষা ইনস্টিটিউট,শহীদ সার্জেন্ট জহুরুল হক হল
সাহিত্য ও সাংস্কৃতিক সম্পাদক ,মোঃ ইব্রাহিম আদল,13,লোকপ্রশাসন বিভাগ,স্যার এ এফ রহমান হল
সাহিত্য ও সাংস্কৃতিক সম্পাদক ,মোঃ পারভেজ মাহমুদ নিলয়,14,গণযোগাযোগ ও সাংবাদিকতা বিভাগ,বিজয় একাত্তর হল
সাহিত্য ও সাংস্কৃতিক সম্পাদক ,মোঃ লানজু খান,15,সংগীত বিভাগ,হাজী মুহম্মদ মুহসীন হল
সাহিত্য ও সাংস্কৃতিক সম্পাদক ,মোহতাসিন বিল্লাহ ইমন,16,টুরিজম এন্ড হসপিটালিটি ম্যানেজমেন্ট বিভাগ,কবি জসীম উদ্দীন হল
সাহিত্য ও সাংস্কৃতিক সম্পাদক ,মোহাম্মদ নাহিয়ান ফারুক,17,অর্থনীতি বিভাগ,স্যার এ এফ রহমান হল
সাহিত্য ও সাংস্কৃতিক সম্পাদক ,রিদওয়ান মানছুর,18,আরবি বিভাগ,শহীদ সার্জেন্ট জহুরুল হক হল
সাহিত্য ও সাংস্কৃতিক সম্পাদক ,সাব-আ মাসানি,19,ইন্টারন্যাশনাল বিজনেস বিভাগ,স্যার এ এফ রহমান হল
গবেষণা ও প্রকাশনা সম্পাদক ,নির্জনা ইসলাম,1,"মৃত্তিকা, পানি ও পরিবেশ বিভাগ",কবি সুফিয়া কামাল হল
গবেষণা ও প্রকাশনা সম্পাদক ,মোঃ আইমান মাহমুদ,2,জাপানিজ স্টাডিজ বিভাগ,সূর্যসেন হল
গবেষণা ও প্রকাশনা সম্পাদক ,মোঃ আরাফাত ইমরান,3,রাষ্ট্রবিজ্ঞান বিভাগ,শেখ মুজিবুর রহমান হল
গবেষণা ও প্রকাশনা সম্পাদক ,মোঃ ইফতেখার আকন্দ আকিব,4,অণুজীব বিজ্ঞান বিভাগ,অমর একুশে হল
গবেষণা ও প্রকাশনা সম্পাদক ,মোঃ সাজ্জাদ হোসাইন খাঁন,5,আরবি বিভাগ,বিজয় একাত্তর হল
গবেষণা ও প্রকাশনা সম্পাদক ,মোছাঃ জান্নাতুন নাহার,6,শিক্ষা ও গবেষণা ইনস্টিটিউট,শামসুন নাহার হল
গবেষণা ও প্রকাশনা সম্পাদক ,মোহাম্মদ মাজেদুর রহমান,7,ফলিত গণিত বিভাগ,ড. মুহম্মদ শহীদুল্লাহ হল
গবেষণা ও প্রকাশনা সম্পাদক ,সানজিদা আহমেদ তন্বি,8,ক্লিনিক্যাল সাইকোলজি বিভাগ,রোকেয়া হল
গবেষণা ও প্রকাশনা সম্পাদক ,সিয়াম ফেরদৌস ইমন,9,প্রাণিবিদ্যা বিভাগ,ফজলুল হক মুসলিম হল
ক্রীড়া সম্পাদক ,আরমান হোসেন,1,আরবি বিভাগ,শহীদ সার্জেন্ট জহুরুল হক হল
ক্রীড়া সম্পাদক ,ইয়াসীন আরাফাত,2,সমাজবিজ্ঞান বিভাগ,বিজয় একাত্তর হল
ক্রীড়া সম্পাদক ,চিমচিম্যা চাকমা,3,আধুনিক ভাষা ইনস্টিটিউট,জগন্নাথ হল
ক্রীড়া সম্পাদক ,জহিন ফেরদৌস জামি,4,আন্তর্জাতিক সম্পর্ক বিভাগ,মুক্তিযোদ্ধা জিয়াউর রহমান হল
ক্রীড়া সম্পাদক ,মালিহা তাবাস্সুম মীম,5,ফিন্যান্স বিভাগ,রোকেয়া হল
ক্রীড়া সম্পাদক ,মুহাইমেনুল ইসলাম তকি,6,সংগীত বিভাগ,কবি জসীম উদ্দীন হল
ক্রীড়া সম্পাদক ,মেহেদী হোসেন রিপেল,7,সমাজকল্যাণ ও গবেষণা ইনস্টিটিউট,কবি জসীম উদ্দীন হল
ক্রীড়া সম্পাদক ,মো: মুক্তার হোসেন,8,সমাজবিজ্ঞান বিভাগ,হাজী মুহম্মদ মুহসীন হল
ক্রীড়া সম্পাদক ,মোঃ আল-আমিন (সরকার),9,ইংরেজী বিভাগ,শহীদ সার্জেন্ট জহুরুল হক হল
ক্রীড়া সম্পাদক ,মোঃ মুশফিকুর রহমান,10,লোকপ্রশাসন বিভাগ,শেখ মুজিবুর রহমান হল
ক্রীড়া সম্পাদক ,মোঃ রিয়াজ মাতুব্বর,11,মার্কেটিং বিভাগ,সূর্যসেন হল
ক্রীড়া সম্পাদক ,মোঃ সাদিকুজ্জামান সরকার,12,তড়িৎ ও ইলেক্ট্রনিক কৌশল বিভাগ,অমর একুশে হল
ক্রীড়া সম্পাদক ,সৈয়দ ইস্রাফিল হোসেন,13,ফলিত গণিত বিভাগ,ড. মুহম্মদ শহীদুল্লাহ হল
ছাত্র পরিবহন সম্পাদক ,ইমরান মিয়া,1,ব্যাংকিং ও ইন্সুরেন্স বিভাগ,শহীদ সার্জেন্ট জহুরুল হক হল
ছাত্র পরিবহন সম্পাদক ,খন্দকার ওয়াজিহ্ তাওসিফ,2,নৃবিজ্ঞান বিভাগ,স্যার এ এফ রহমান হল
ছাত্র পরিবহন সম্পাদক ,মাশফিকুজ্জামান তাঈন,3,কম্পিউটার বিজ্ঞান ও প্রকৌশল বিভাগ,ফজলুল হক মুসলিম হল
ছাত্র পরিবহন সম্পাদক ,মাহাথির খান নিনাদ,4,উন্নয়ন অধ্যয়ন বিভাগ,বিজয় একাত্তর হল
ছাত্র পরিবহন সম্পাদক ,মোঃ আসিফ আব্দুল্লাহ,5,পরিসংখ্যান বিভাগ,অমর একুশে হল
ছাত্র পরিবহন সম্পাদক ,মোঃ আসিফ জারদারী,6,তড়িৎ ও ইলেক্ট্রনিক কৌশল বিভাগ,ড. মুহম্মদ শহীদুল্লাহ হল
ছাত্র পরিবহন সম্পাদক ,মোঃ ইসমাঈল হোসেন (রুদ্র),7,দর্শন বিভাগ,কবি জসীম উদ্দীন হল
ছাত্র পরিবহন সম্পাদক ,মোঃ রাজিন হোসেন,8,ভাষাবিজ্ঞান বিভাগ,শহীদ সার্জেন্ট জহুরুল হক হল
ছাত্র পরিবহন সম্পাদক ,মোঃ রাফিজ খান,9,আন্তর্জাতিক সম্পর্ক বিভাগ,শহীদ সার্জেন্ট জহুরুল হক হল
ছাত্র পরিবহন সম্পাদক ,মোঃ রায়হান,10,রাষ্ট্রবিজ্ঞান বিভাগ,শহীদ সার্জেন্ট জহুরুল হক হল
ছাত্র পরিবহন সম্পাদক ,মোঃ সাইফ উল্লাহ,11,জাপানিজ স্টাডিজ বিভাগ,মুক্তিযোদ্ধা জিয়াউর রহমান হল
ছাত্র পরিবহন সম্পাদক ,রাশেদ খান আদিব,12,অর্গ্যানাইজেশন স্ট্র্যাটেজি এন্ড লিডারশীপ বিভাগ,হাজী মুহম্মদ মুহসীন হল
সমাজসেবা সম্পাদক ,আবু মুজাহিদ আকাশ,1,অর্থনীতি বিভাগ,মুক্তিযোদ্ধা জিয়াউর রহমান হল
সমাজসেবা সম্পাদক ,আরিফুর রহমান মজুমদার,2,ইসলামের ইতিহাস ও সংস্কৃতি বিভাগ,মুক্তিযোদ্ধা জিয়াউর রহমান হল
সমাজসেবা সম্পাদক ,ওবায়েদুল হক,3,আরবি বিভাগ,বিজয় একাত্তর হল
সমাজসেবা সম্পাদক ,জয় আহমেদ সানি,4,অপরাধ বিজ্ঞান বিভাগ,স্যার এ এফ রহমান হল
সমাজসেবা সম্পাদক ,জয়নাল আবেদিন লাভলু,5,মার্কেটিং বিভাগ,হাজী মুহম্মদ মুহসীন হল
সমাজসেবা সম্পাদক ,ফাইজুল্লাহ,6,সমাজবিজ্ঞান বিভাগ,বিজয় একাত্তর হল
সমাজসেবা সম্পাদক ,মহির আলম,7,গণিত বিভাগ,অমর একুশে হল
সমাজসেবা সম্পাদক ,মাহফুজ আহম্মেদ শাহীন,8,ফার্মেসি বিভাগ,ড. মুহম্মদ শহীদুল্লাহ হল
সমাজসেবা সম্পাদক ,মো: শাহরিয়ারআলম,9,ইসলামের ইতিহাস ও সংস্কৃতি বিভাগ,শেখ মুজিবুর রহমান হল
সমাজসেবা সম্পাদক ,মো:শরীফুল ইসলাম,10,আইন বিভাগ,শহীদ সার্জেন্ট জহুরুল হক হল
সমাজসেবা সম্পাদক ,মো. আশরাফুল ইসলাম,11,লোকপ্রশাসন বিভাগ,বিজয় একাত্তর হল
সমাজসেবা সম্পাদক ,মোঃ তাওহীদুল ইসলাম,12,আরবি বিভাগ,শেখ মুজিবুর রহমান হল
সমাজসেবা সম্পাদক ,মোঃ নাজমুল আলিফ,13,লোকপ্রশাসন বিভাগ,কবি জসীম উদ্দীন হল
সমাজসেবা সম্পাদক ,"মোঃ যুবাইর বিন নেছারী (এবি
                                        জুবায়ের)",14,ইসলামিক স্টাডিজ বিভাগ,স্যার এ এফ রহমান হল
সমাজসেবা সম্পাদক ,সীমা আক্তার,15,সংগীত বিভাগ,শামসুন নাহার হল
সমাজসেবা সম্পাদক ,সৈকত শর্মা,16,ব্যবস্থাপনা বিভাগ,জগন্নাথ হল
সমাজসেবা সম্পাদক ,সৈয়দ ইমাম হাসান(অনিক),17,লোকপ্রশাসন বিভাগ,শেখ মুজিবুর রহমান হল
ক্যারিয়ার ডেভেলপমেন্ট সম্পাদক ,আব্দুল্লাহ জুবায়ের,1,ব্যবসায় প্রশাসন ইনস্টিটিউট,মুক্তিযোদ্ধা জিয়াউর রহমান হল
ক্যারিয়ার ডেভেলপমেন্ট সম্পাদক ,নিশি আক্তার,2,পপুলেশন সায়েন্সেস বিভাগ,বঙ্গমাতা শেখ ফজিলাতুন্নেছা মুজিব হল
ক্যারিয়ার ডেভেলপমেন্ট সম্পাদক ,মাহামুদ হাসান,3,আইন বিভাগ,বিজয় একাত্তর হল
ক্যারিয়ার ডেভেলপমেন্ট সম্পাদক ,মো: জাহিদুল ইসলাম সাকিব,4,ফলিত গণিত বিভাগ,ড. মুহম্মদ শহীদুল্লাহ হল
ক্যারিয়ার ডেভেলপমেন্ট সম্পাদক ,মো: মাজহারুল ইসলাম,5,ইসলামিক স্টাডিজ বিভাগ,শেখ মুজিবুর রহমান হল
ক্যারিয়ার ডেভেলপমেন্ট সম্পাদক ,মোঃ আব্দুল্লাহ আল মুকতাদির,6,ফারসি ভাষা ও সাহিত্য বিভাগ,স্যার এ এফ রহমান হল
ক্যারিয়ার ডেভেলপমেন্ট সম্পাদক ,মোঃ আল মামুন,7,ব্যবস্থাপনা বিভাগ,সূর্যসেন হল
ক্যারিয়ার ডেভেলপমেন্ট সম্পাদক ,মোঃ রজব সালার খান শাওন,8,একাউন্টিং এন্ড ইনফরমেশন সিস্টেমস বিভাগ,হাজী মুহম্মদ মুহসীন হল
ক্যারিয়ার ডেভেলপমেন্ট সম্পাদক ,মোহাম্মদ আরকানুল ইসলাম (রূপক),9,ফিন্যান্স বিভাগ,বিজয় একাত্তর হল
ক্যারিয়ার ডেভেলপমেন্ট সম্পাদক ,রুপাইয়া শ্রেষ্ঠা তঞ্চঙ্গ্যা,10,গণযোগাযোগ ও সাংবাদিকতা বিভাগ,রোকেয়া হল
ক্যারিয়ার ডেভেলপমেন্ট সম্পাদক ,রেজওয়ান আহম্মেদ রিফাত,11,আইন বিভাগ,শহীদ সার্জেন্ট জহুরুল হক হল
ক্যারিয়ার ডেভেলপমেন্ট সম্পাদক ,লিটন ত্রিপুরা,12,অর্থনীতি বিভাগ,জগন্নাথ হল
ক্যারিয়ার ডেভেলপমেন্ট সম্পাদক ,শান্ত মিয়া,13,ফিন্যান্স বিভাগ,স্যার এ এফ রহমান হল
ক্যারিয়ার ডেভেলপমেন্ট সম্পাদক ,সালমান,14,অর্থনীতি বিভাগ,মুক্তিযোদ্ধা জিয়াউর রহমান হল
ক্যারিয়ার ডেভেলপমেন্ট সম্পাদক ,স্বাধীন আহমেদ,15,ব্যাংকিং ও ইন্সুরেন্স বিভাগ,কবি জসীম উদ্দীন হল
স্বাস্থ্য ও পরিবেশ সম্পাদক ,আনোয়ার হোসাইন,1,সংগীত বিভাগ,বিজয় একাত্তর হল
স্বাস্থ্য ও পরিবেশ সম্পাদক ,ইসরাত জাহান নিঝুম,2,শিক্ষা ও গবেষণা ইনস্টিটিউট,বঙ্গমাতা শেখ ফজিলাতুন্নেছা মুজিব হল
স্বাস্থ্য ও পরিবেশ সম্পাদক ,"এম এম আল মিনহাজ (আবদুল্লাহ আল
                                        মিনহাজ )",3,স্বাস্থ্য অর্থনীতি ইনস্টিটিউট,শেখ মুজিবুর রহমান হল
স্বাস্থ্য ও পরিবেশ সম্পাদক ,মিনহাজুল ইসলাম ফারহান,4,টিভি ও চলচ্চিত্র অধ্যয়ন বিভাগ,শেখ মুজিবুর রহমান হল
স্বাস্থ্য ও পরিবেশ সম্পাদক ,মুহাম্মদ মাসউদুল বারী,5,সমাজবিজ্ঞান বিভাগ,বিজয় একাত্তর হল
স্বাস্থ্য ও পরিবেশ সম্পাদক ,মেহেরিন আফরোজ মাইশা,6,উর্দু বিভাগ,কবি সুফিয়া কামাল হল
স্বাস্থ্য ও পরিবেশ সম্পাদক ,মো:মাহমুদ হাসান,7,ব্যবস্থাপনা বিভাগ,কবি জসীম উদ্দীন হল
স্বাস্থ্য ও পরিবেশ সম্পাদক ,মো. সাকিবুর রহমান রনি,8,পদার্থ বিজ্ঞান বিভাগ,ফজলুল হক মুসলিম হল
স্বাস্থ্য ও পরিবেশ সম্পাদক ,মোঃ মুঈনুল ইসলাম,9,ইসলামের ইতিহাস ও সংস্কৃতি বিভাগ,কবি জসীম উদ্দীন হল
স্বাস্থ্য ও পরিবেশ সম্পাদক ,মোঃ মেহেদি হাসান,10,সমাজবিজ্ঞান বিভাগ,শহীদ সার্জেন্ট জহুরুল হক হল
স্বাস্থ্য ও পরিবেশ সম্পাদক ,মোহাম্মদ আলী শান্ত,11,আন্তর্জাতিক সম্পর্ক বিভাগ,সলিমুল্লাহ মুসলিম হল
স্বাস্থ্য ও পরিবেশ সম্পাদক ,রাকিব হোসেন গাজী,12,ভূগোল ও পরিবেশ বিভাগ,ড. মুহম্মদ শহীদুল্লাহ হল
স্বাস্থ্য ও পরিবেশ সম্পাদক ,শাহরিয়ার মোহাম্মদ ইয়ামিন,13,ডিজাস্টার ম্যানেজমেন্ট এন্ড ভালনারেবিলিটি স্টাডিজ ইনস্টিটিউট,মুক্তিযোদ্ধা জিয়াউর রহমান হল
স্বাস্থ্য ও পরিবেশ সম্পাদক ,শেখ তাসনুভা সৃষ্টি,14,পপুলেশন সায়েন্সেস বিভাগ,বাংলাদেশ-কুয়েত মৈত্রী হল
স্বাস্থ্য ও পরিবেশ সম্পাদক ,সাব্বির আহমেদ,15,ইসলামের ইতিহাস ও সংস্কৃতি বিভাগ,সলিমুল্লাহ মুসলিম হল
মানবাধিকার ও আইন বিষয়ক সম্পাদক,আকাশ আলী,1,দর্শন বিভাগ,সূর্যসেন হল
মানবাধিকার ও আইন বিষয়ক সম্পাদক,আনিকা তাহসিনা,2,আইন বিভাগ,রোকেয়া হল
মানবাধিকার ও আইন বিষয়ক সম্পাদক,ইসতিয়াক আহম্মেদ,3,ভাষাবিজ্ঞান বিভাগ,বিজয় একাত্তর হল
মানবাধিকার ও আইন বিষয়ক সম্পাদক,তাসপিয়া তাবাসসুম মৌমিতা,4,দর্শন বিভাগ,রোকেয়া হল
মানবাধিকার ও আইন বিষয়ক সম্পাদক,নুসরাত জাহান নিসু,5,আইন বিভাগ,বাংলাদেশ-কুয়েত মৈত্রী হল
মানবাধিকার ও আইন বিষয়ক সম্পাদক,মু. মেহেদী হাসান মুন্না,6,শান্তি ও সংঘর্ষ অধ্যয়ন বিভাগ,স্যার এ এফ রহমান হল
মানবাধিকার ও আইন বিষয়ক সম্পাদক,মো: শাহরিয়ার জাবির,7,আইন বিভাগ,হাজী মুহম্মদ মুহসীন হল
মানবাধিকার ও আইন বিষয়ক সম্পাদক,মোঃ ঈদুল ফয়সাল,8,আইন বিভাগ,বিজয় একাত্তর হল
মানবাধিকার ও আইন বিষয়ক সম্পাদক,মোঃ জাকারিয়া (সাখাওয়াত জাকারিয়া),9,আইন বিভাগ,বিজয় একাত্তর হল
মানবাধিকার ও আইন বিষয়ক সম্পাদক,মোঃ জিহাদুল ইসলাম,10,আইন বিভাগ,কবি জসীম উদ্দীন হল
মানবাধিকার ও আইন বিষয়ক সম্পাদক,শুভ আহম্মেদ,11,আইন বিভাগ,শহীদ সার্জেন্ট জহুরুল হক হল
সদস্য ,অপূর্বা ইসলাম,1,নৃত্যকলা বিভাগ,রোকেয়া হল
সদস্য ,অর্ক বড়ুয়া (রক্তবীজ),2,নাট্য ও প্রদর্শন কলা অধ্যয়ন বিভাগ,জগন্নাথ হল
সদস্য ,আকিব হোসেন,3,টিভি ও চলচ্চিত্র অধ্যয়ন বিভাগ,মুক্তিযোদ্ধা জিয়াউর রহমান হল
সদস্য ,আখিরুল ইসলাম,4,পদার্থ বিজ্ঞান বিভাগ,ড. মুহম্মদ শহীদুল্লাহ হল
সদস্য ,আতিকা আনজুম অর্থী,5,কারুশিল্প বিভাগ,কবি সুফিয়া কামাল হল
সদস্য ,আনাস ইবনে মুনির,6,আন্তর্জাতিক সম্পর্ক বিভাগ,স্যার এ এফ রহমান হল
সদস্য ,আনিয়া আক্তার,7,নাট্য ও প্রদর্শন কলা অধ্যয়ন বিভাগ,শামসুন নাহার হল
সদস্য ,আবদুর রহমান,8,প্রাণিবিদ্যা বিভাগ,অমর একুশে হল
সদস্য ,আবদুল্যা আল মাহমুদ,9,শিক্ষা ও গবেষণা ইনস্টিটিউট,সলিমুল্লাহ মুসলিম হল
সদস্য ,আবদুল্লাহ আল আমিন (রাকিব),10,লোকপ্রশাসন বিভাগ,স্যার এ এফ রহমান হল
সদস্য ,আবরার জারিফ,11,প্রাণরসায়ন ও অনুপ্রাণ বিজ্ঞান বিভাগ,অমর একুশে হল
সদস্য ,আবিদ আব্দুল্লাহ,12,উর্দু বিভাগ,শহীদ সার্জেন্ট জহুরুল হক হল
সদস্য ,আবির হাসান,13,কম্পিউটার বিজ্ঞান ও প্রকৌশল বিভাগ,ড. মুহম্মদ শহীদুল্লাহ হল
সদস্য ,আবু ওয়াজেদ শাহ্ সৌমিক,14,অর্গ্যানাইজেশন স্ট্র্যাটেজি এন্ড লিডারশীপ বিভাগ,বিজয় একাত্তর হল
সদস্য ,আবু ছালে মোঃ হুমায়ন হেলাল,15,রাষ্ট্রবিজ্ঞান বিভাগ,সূর্যসেন হল
সদস্য ,আবু মোঃ আলেকজান্ডার পলাশ,16,ফলিত রসায়ন ও কেমিকৌশল বিভাগ,ফজলুল হক মুসলিম হল
সদস্য ,আব্দুর রহমান (আল-ফাহাদ),17,ইসলামিক স্টাডিজ বিভাগ,হাজী মুহম্মদ মুহসীন হল
সদস্য ,আব্দুল মাজিদ,18,শিক্ষা ও গবেষণা ইনস্টিটিউট,সলিমুল্লাহ মুসলিম হল
সদস্য ,আব্দুল্লাহ আল নোমান,19,লোকপ্রশাসন বিভাগ,মুক্তিযোদ্ধা জিয়াউর রহমান হল
সদস্য ,আব্দুল্লাহ আল মুবিন (রিফাত),20,"মৃত্তিকা, পানি ও পরিবেশ বিভাগ",ফজলুল হক মুসলিম হল
সদস্য ,আব্দুল্লাহ-আল-আদিব,21,ফলিত গণিত বিভাগ,অমর একুশে হল
সদস্য ,আরিফুর রহমান,22,"মৃত্তিকা, পানি ও পরিবেশ বিভাগ",ড. মুহম্মদ শহীদুল্লাহ হল
সদস্য ,আশিক খান,23,শান্তি ও সংঘর্ষ অধ্যয়ন বিভাগ,কবি জসীম উদ্দীন হল
সদস্য ,ইবনু আহমেদ,24,শান্তি ও সংঘর্ষ অধ্যয়ন বিভাগ,সূর্যসেন হল
সদস্য ,ইমরান হোসাইন,25,ইসলামিক স্টাডিজ বিভাগ,শেখ মুজিবুর রহমান হল
সদস্য ,ইয়াসিন আরাফাত আলিফ,26,জাপানিজ স্টাডিজ বিভাগ,কবি জসীম উদ্দীন হল
সদস্য ,ইলিয়াস তালুকদার,27,ইন্টারন্যাশনাল বিজনেস বিভাগ,শেখ মুজিবুর রহমান হল
সদস্য ,ইসমাইল আলী,28,নৃবিজ্ঞান বিভাগ,কবি জসীম উদ্দীন হল
সদস্য ,ইসমাইল হোসেন,29,লোকপ্রশাসন বিভাগ,বিজয় একাত্তর হল
সদস্য ,ইসমাঈল,30,গণযোগাযোগ ও সাংবাদিকতা বিভাগ,শহীদ সার্জেন্ট জহুরুল হক হল
সদস্য ,ইসরাত জাহান ইমু,31,ম্যানেজমেন্ট ইনফরমেশন সিস্টেমস বিভাগ,শামসুন নাহার হল
সদস্য ,উম্মা উসওয়াতুন রাফিয়া,32,আইন বিভাগ,কবি সুফিয়া কামাল হল
সদস্য ,উপাইমং পৃথিং (পৃথিং মারমা ),33,অপরাধ বিজ্ঞান বিভাগ,জগন্নাথ হল
সদস্য ,এম. আবরার আলভী,34,যোগাযোগ বৈকল্য বিভাগ,স্যার এ এফ রহমান হল
সদস্য ,"এস,এম তামীম বিন ইউসুফ অপূর্ব",35,ইসলামের ইতিহাস ও সংস্কৃতি বিভাগ,সূর্যসেন হল
সদস্য ,ওয়াকার রহমান সৌরভ,36,পালি এন্ড বুদ্ধিস্ট স্টাডিজ বিভাগ,মুক্তিযোদ্ধা জিয়াউর রহমান হল
সদস্য ,কৌফিক আদির,37,লোকপ্রশাসন বিভাগ,সূর্যসেন হল
সদস্য ,খালিদ সাইফুল্লাহ মজুমদার,38,গণিত বিভাগ,অমর একুশে হল
সদস্য ,গোলাম কিবরিয়া,39,লোকপ্রশাসন বিভাগ,শেখ মুজিবুর রহমান হল
সদস্য ,জয়েন উদ্দিন সরকার,40,অর্থনীতি বিভাগ,স্যার এ এফ রহমান হল
সদস্য ,জাহিন আহমেদ জিদান,41,ফিন্যান্স বিভাগ,স্যার এ এফ রহমান হল
সদস্য ,জাহেদুল ইসলাম জিহাদ,42,আরবি বিভাগ,শহীদ সার্জেন্ট জহুরুল হক হল
সদস্য ,জুনাইদ হোসাইন আদনান,43,অর্থনীতি বিভাগ,শহীদ সার্জেন্ট জহুরুল হক হল
সদস্য ,তর্পিতা ইসলাম অব্ধি,44,মনোবিজ্ঞান বিভাগ,রোকেয়া হল
সদস্য ,তাওছিব হোসাইন,45,ইংরেজী বিভাগ,বিজয় একাত্তর হল
সদস্য ,তাছনীম উদ্দীন,46,ম্যানেজমেন্ট ইনফরমেশন সিস্টেমস বিভাগ,সূর্যসেন হল
সদস্য ,তাজিনুর রহমান,47,আরবি বিভাগ,শেখ মুজিবুর রহমান হল
সদস্য ,তানভীর হাসান,48,উর্দু বিভাগ,সূর্যসেন হল
সদস্য ,তানভীর হোসেন তাপাদার,49,মার্কেটিং বিভাগ,সূর্যসেন হল
সদস্য ,তাপসী রাবেয়া,50,আইন বিভাগ,রোকেয়া হল
সদস্য ,তালহা নেগাবান,51,আরবি বিভাগ,বিজয় একাত্তর হল
সদস্য ,নওরীন সুলতানা (তমা),52,গণযোগাযোগ ও সাংবাদিকতা বিভাগ,বাংলাদেশ-কুয়েত মৈত্রী হল
সদস্য ,নাইমুর রহমান (দুর্জয়),53,ভূতত্ত্ব বিভাগ,শেখ মুজিবুর রহমান হল
সদস্য ,নাফিস সাদিক,54,আইন বিভাগ,শহীদ সার্জেন্ট জহুরুল হক হল
সদস্য ,নাহিদ হাসান,55,ব্যবস্থাপনা বিভাগ,বিজয় একাত্তর হল
সদস্য ,নিত্যানন্দ পাল,56,অপরাধ বিজ্ঞান বিভাগ,জগন্নাথ হল
সদস্য ,নুরুল ইসলাম নাহিদ),57,ব্যবস্থাপনা বিভাগ,কবি জসীম উদ্দীন হল
সদস্য ,নুসরাত জাহান মীম,58,পালি এন্ড বুদ্ধিস্ট স্টাডিজ বিভাগ,রোকেয়া হল
সদস্য ,নুসরাত জাহান সাউদা,59,ইতিহাস বিভাগ,কবি সুফিয়া কামাল হল
সদস্য ,নুসরাত (মাহা),60,পদার্থ বিজ্ঞান বিভাগ,কবি সুফিয়া কামাল হল
সদস্য ,নূর-রাফসান সিদ্দিক সায়েম,61,অপরাধ বিজ্ঞান বিভাগ,বিজয় একাত্তর হল
সদস্য ,নূরুল জান্নাত মান্না,62,আরবি বিভাগ,হাজী মুহম্মদ মুহসীন হল
সদস্য ,প্রসেনজিৎ দেব (পার্থ),63,শিক্ষা ও গবেষণা ইনস্টিটিউট,জগন্নাথ হল
সদস্য ,ফারুক হাওলাদার,64,ইসলামিক স্টাডিজ বিভাগ,সূর্যসেন হল
সদস্য ,ফেরদৌস আলম,65,উদ্ভিদ বিজ্ঞান বিভাগ,অমর একুশে হল
সদস্য ,ববি বিশ্বাস,66,গণযোগাযোগ ও সাংবাদিকতা বিভাগ,জগন্নাথ হল
সদস্য ,বায়েজিদ হাসান,67,দর্শন বিভাগ,হাজী মুহম্মদ মুহসীন হল
সদস্য ,বুশরা বিনতে বাদশা,68,নৃত্যকলা বিভাগ,কবি সুফিয়া কামাল হল
সদস্য ,মকবুল উর রহমান আজাদ,69,প্রিন্টিং এন্ড পাবলিকেশন স্টাডিজ বিভাগ,স্যার এ এফ রহমান হল
সদস্য ,মনির হোসেন,70,শান্তি ও সংঘর্ষ অধ্যয়ন বিভাগ,সূর্যসেন হল
সদস্য ,মাজহারুল ইসলাম,71,শিক্ষা ও গবেষণা ইনস্টিটিউট,বিজয় একাত্তর হল
সদস্য ,মাহফুজা নাওয়ার (নওরীন),72,উইমেন এন্ড জেন্ডার স্টাডিজ বিভাগ,রোকেয়া হল
সদস্য ,মাহমুদুল হাসান,73,ইসলামিক স্টাডিজ বিভাগ,মুক্তিযোদ্ধা জিয়াউর রহমান হল
সদস্য ,মিশকাতুল মাশিয়াত,74,"ডিজাস্টার ম্যানেজমেন্ট এন্ড ভালনারেবিলিটি স্টাডিজ
                                            ইনস্টিটিউট",কবি সুফিয়া কামাল হল
সদস্য ,মু. আশিকুর রহমান আফফান,75,ইসলামিক স্টাডিজ বিভাগ,স্যার এ এফ রহমান হল
সদস্য ,মুনইম হাসান অরুপ,76,ফিন্যান্স বিভাগ,কবি জসীম উদ্দীন হল
সদস্য ,মুনমুন ইসলাম ঋতু,77,নৃবিজ্ঞান বিভাগ,শামসুন নাহার হল
সদস্য ,মুহাম্মদ মাহবুবুর রহমান,78,"ডিজাস্টার ম্যানেজমেন্ট এন্ড ভালনারেবিলিটি স্টাডিজ
                                            ইনস্টিটিউট",কবি জসীম উদ্দীন হল
সদস্য ,মুহিব মুশফিক খান,79,মার্কেটিং বিভাগ,শহীদ সার্জেন্ট জহুরুল হক হল
সদস্য ,মেহেরুন্নেছা কেয়া,80,দর্শন বিভাগ,রোকেয়া হল
সদস্য ,মো ইমাদুল ইসলাম আকাশ,81,আরবি বিভাগ,বিজয় একাত্তর হল
সদস্য ,মো রেজাউল করিম,82,আরবি বিভাগ,মুক্তিযোদ্ধা জিয়াউর রহমান হল
সদস্য ,মো: ইকরামুল কবির,83,ইসলামিক স্টাডিজ বিভাগ,শেখ মুজিবুর রহমান হল
সদস্য ,মো: ইয়াছিন আহমেদ অপু,84,মনোবিজ্ঞান বিভাগ,বিজয় একাত্তর হল
সদস্য ,মো: গিয়াস উদ্দিন,85,ইসলামের ইতিহাস ও সংস্কৃতি বিভাগ,হাজী মুহম্মদ মুহসীন হল
সদস্য ,মো: জামাল হোসেন,86,আরবি বিভাগ,সূর্যসেন হল
সদস্য ,মো: জুয়েল রানা,87,ব্যাংকিং ও ইন্সুরেন্স বিভাগ,সূর্যসেন হল
সদস্য ,মো: মুকতারুল ইসলাম (রিদয়),88,লেদার ইঞ্জিনিয়ারিং ও টেকনোলজী ইনস্টিটিউট,শহীদ সার্জেন্ট জহুরুল হক হল
সদস্য ,মো: মেহেদী হাসান চৌধুরী,89,মনোবিজ্ঞান বিভাগ,বিজয় একাত্তর হল
সদস্য ,মো: মোফাজ্জল হোসেন,90,আরবি বিভাগ,বিজয় একাত্তর হল
সদস্য ,মো: রেদওয়ান মন্ডল রিফাত,91,অর্থনীতি বিভাগ,শহীদ সার্জেন্ট জহুরুল হক হল
সদস্য ,মো: সামছুদ্দোহা,92,আইন বিভাগ,স্যার এ এফ রহমান হল
সদস্য ,মো: হাবিবুর রহমান ফাহিম,93,জাপানিজ স্টাডিজ বিভাগ,হাজী মুহম্মদ মুহসীন হল
সদস্য ,মো: হাসিবুর রহমান সাকিব,94,রাষ্ট্রবিজ্ঞান বিভাগ,বিজয় একাত্তর হল
সদস্য ,মো: জোবায়ের,95,ম্যানেজমেন্ট ইনফরমেশন সিস্টেমস বিভাগ,হাজী মুহম্মদ মুহসীন হল
সদস্য ,মো:রিয়াদ হোসেন,96,অর্গ্যানাইজেশন স্ট্র্যাটেজি এন্ড লিডারশীপ বিভাগ,কবি জসীম উদ্দীন হল
সদস্য ,মো:হাসান,97,প্রাণিবিদ্যা বিভাগ,ড. মুহম্মদ শহীদুল্লাহ হল
সদস্য ,মো. আব্দুল্লাহ আল মাহমুদ (মেহেদী),98,সমাজবিজ্ঞান বিভাগ,বিজয় একাত্তর হল
সদস্য ,মো. খালেদ সাইফুল্লাহ জিহাদ ভূঞাঁ,99,উর্দু বিভাগ,কবি জসীম উদ্দীন হল
সদস্য ,মো. নাইমুর রহমান (রিদম),100,আরবি বিভাগ,কবি জসীম উদ্দীন হল
সদস্য ,মো. রাহাত সিকদার,101,জাপানিজ স্টাডিজ বিভাগ,হাজী মুহম্মদ মুহসীন হল
সদস্য ,"মো. সাজিদ- উল- ইসলাম (সাজিদ বিন
                                        শহীদ)",102,প্রাচ্যকলা বিভাগ,হাজী মুহম্মদ মুহসীন হল
সদস্য ,মো. সামসুজ্জামান (শ্রাবণ),103,ফারসি ভাষা ও সাহিত্য বিভাগ,সূর্যসেন হল
সদস্য ,মো.আব্দুল্লাহ ইবনে জোবায়ের,104,আন্তর্জাতিক সম্পর্ক বিভাগ,শহীদ সার্জেন্ট জহুরুল হক হল
সদস্য ,মোঃ আকাশ শাহ,105,বিশ্ব ধর্ম ও সংস্কৃতি বিভাগ,মুক্তিযোদ্ধা জিয়াউর রহমান হল
সদস্য ,মোঃ আবুতালেব,106,আরবি বিভাগ,হাজী মুহম্মদ মুহসীন হল
সদস্য ,মোঃ আব্দুল কাদির জিলানী,107,বাংলা বিভাগ,স্যার এ এফ রহমান হল
সদস্য ,মোঃ আব্দুল বাছিত,108,অপরাধ বিজ্ঞান বিভাগ,স্যার এ এফ রহমান হল
সদস্য ,মোঃ আব্দুল মুকিত পারভেজ,109,টুরিজম এন্ড হসপিটালিটি ম্যানেজমেন্ট বিভাগ,শেখ মুজিবুর রহমান হল
সদস্য ,মোঃ আব্দুল মোত্তালিব হোসেন(হৃদয়),110,ইংরেজী বিভাগ,বিজয় একাত্তর হল
সদস্য ,মোঃ আরমানুল ইসলাম,111,অর্থনীতি বিভাগ,সূর্যসেন হল
সদস্য ,মোঃ আরিফুল ইসলাম রনি,112,ইসলামের ইতিহাস ও সংস্কৃতি বিভাগ,মুক্তিযোদ্ধা জিয়াউর রহমান হল
সদস্য ,মোঃ আল আমিন,113,আধুনিক ভাষা ইনস্টিটিউট,শেখ মুজিবুর রহমান হল
সদস্য ,মোঃ আল মাহিদ (অনুপম),114,মনোবিজ্ঞান বিভাগ,শহীদ সার্জেন্ট জহুরুল হক হল
সদস্য ,মোঃ আলমগীর হোসেন,115,তথ্যবিজ্ঞান ও গ্রন্থাগার ব্যবস্থাপনা বিভাগ,সূর্যসেন হল
সদস্য ,মোঃ আশরাফুল আলম (অনিক),116,অণুজীব বিজ্ঞান বিভাগ,ড. মুহম্মদ শহীদুল্লাহ হল
সদস্য ,মোঃ আসাদুল্লাহ আল মুনিব,117,অর্থনীতি বিভাগ,স্যার এ এফ রহমান হল
সদস্য ,মোঃ ইনসান,118,মার্কেটিং বিভাগ,মুক্তিযোদ্ধা জিয়াউর রহমান হল
সদস্য ,মোঃ ইসমাইল হোসেন,119,ইসলামের ইতিহাস ও সংস্কৃতি বিভাগ,কবি জসীম উদ্দীন হল
সদস্য ,মোঃ ইসমাইল হোসেন,120,রসায়ন বিভাগ,অমর একুশে হল
সদস্য ,মোঃ জামিউল ইসলাম,121,আধুনিক ভাষা ইনস্টিটিউট,মুক্তিযোদ্ধা জিয়াউর রহমান হল
সদস্য ,মোঃ জারিফ রহমান,122,আধুনিক ভাষা ইনস্টিটিউট,স্যার এ এফ রহমান হল
সদস্য ,মোঃ জাহিদ হাসান,123,তথ্যবিজ্ঞান ও গ্রন্থাগার ব্যবস্থাপনা বিভাগ,বিজয় একাত্তর হল
সদস্য ,মোঃ জিহাদুল ইসলাম,124,আন্তর্জাতিক সম্পর্ক বিভাগ,স্যার এ এফ রহমান হল
সদস্য ,মোঃ জুবায়েদুল ইসলাম শিহাব,125,প্রিন্টিং এন্ড পাবলিকেশন স্টাডিজ বিভাগ,হাজী মুহম্মদ মুহসীন হল
সদস্য ,মোঃ জেভিয়ার হাসান (জেভি),126,ফারসি ভাষা ও সাহিত্য বিভাগ,হাজী মুহম্মদ মুহসীন হল
সদস্য ,মোঃ তফসিরুল্লাহ,127,গণযোগাযোগ ও সাংবাদিকতা বিভাগ,হাজী মুহম্মদ মুহসীন হল
সদস্য ,মোঃ তাওহীদ উদ্দিন আলভী,128,ইন্টারন্যাশনাল বিজনেস বিভাগ,স্যার এ এফ রহমান হল
সদস্য ,মোঃ তাফসিরুল ইসলাম তুশিন,129,রাষ্ট্রবিজ্ঞান বিভাগ,মুক্তিযোদ্ধা জিয়াউর রহমান হল
সদস্য ,মোঃ তারেক হাসান,130,জাপানিজ স্টাডিজ বিভাগ,শহীদ সার্জেন্ট জহুরুল হক হল
সদস্য ,মোঃ নাইমুর রহমান দুর্জয়,131,নৃবিজ্ঞান বিভাগ,কবি জসীম উদ্দীন হল
সদস্য ,মোঃ নাজমুল হাসান(পুলক),132,টিভি ও চলচ্চিত্র অধ্যয়ন বিভাগ,শহীদ সার্জেন্ট জহুরুল হক হল
সদস্য ,মোঃ নাফিস ইকবাল,133,পপুলেশন সায়েন্সেস বিভাগ,শহীদ সার্জেন্ট জহুরুল হক হল
সদস্য ,মোঃ নাহিদ হাসান,134,টিভি ও চলচ্চিত্র অধ্যয়ন বিভাগ,স্যার এ এফ রহমান হল
সদস্য ,মোঃ নেওয়াজ শরীফ (আরমান),135,জাপানিজ স্টাডিজ বিভাগ,বিজয় একাত্তর হল
সদস্য ,মোঃ ফেরদৌস আইয়াম (রাইয়ান),136,ফার্মেসি বিভাগ,ফজলুল হক মুসলিম হল
সদস্য ,মোঃ বেলাল হোসেন অপু(অপু খান),137,সমাজকল্যাণ ও গবেষণা ইনস্টিটিউট,মুক্তিযোদ্ধা জিয়াউর রহমান হল
সদস্য ,মোঃ মনির হোসেন,138,নৃত্যকলা বিভাগ,শেখ মুজিবুর রহমান হল
সদস্য ,মোঃ মাসুম বিল্লাহ,139,ইসলামিক স্টাডিজ বিভাগ,মুক্তিযোদ্ধা জিয়াউর রহমান হল
সদস্য ,মোঃ মাস্ট্রদুজ্জামান,140,দর্শন বিভাগ,শেখ মুজিবুর রহমান হল
সদস্য ,মোঃ মাহতাপ ইসলাম,141,"মৃত্তিকা, পানি ও পরিবেশ বিভাগ",ফজলুল হক মুসলিম হল
সদস্য ,মোঃ মাহমুদুল হাসান,142,যোগাযোগ বৈকল্য বিভাগ,মুক্তিযোদ্ধা জিয়াউর রহমান হল
সদস্য ,মোঃ মিফতাহুল হোসাইন আল- মারুফ,143,রাষ্ট্রবিজ্ঞান বিভাগ,মুক্তিযোদ্ধা জিয়াউর রহমান হল
সদস্য ,মোঃ মিরাজ হোসেন,144,আধুনিক ভাষা ইনস্টিটিউট,সূর্যসেন হল
সদস্য ,মোঃ মুশফিকুর রহমান,145,ইতিহাস বিভাগ,শহীদ সার্জেন্ট জহুরুল হক হল
সদস্য ,মোঃ মেহেদি হাসান,146,আইন বিভাগ,বিজয় একাত্তর হল
সদস্য ,মোঃ মোফাচ্ছেল হক,147,ইন্টারন্যাশনাল বিজনেস বিভাগ,সূর্যসেন হল
সদস্য ,মোঃ মোস্তাকিম,148,অর্থনীতি বিভাগ,স্যার এ এফ রহমান হল
সদস্য ,মোঃ রাইসুল ইসলাম,149,সমাজবিজ্ঞান বিভাগ,বিজয় একাত্তর হল
সদস্য ,মোঃ রাকিবুল আলম (রুদ্র),150,গণযোগাযোগ ও সাংবাদিকতা বিভাগ,শেখ মুজিবুর রহমান হল
সদস্য ,মোঃ রাজেকুজ জামান জুয়েল,151,টিভি ও চলচ্চিত্র অধ্যয়ন বিভাগ,বিজয় একাত্তর হল
সদস্য ,মোঃ রিয়াজ উদ্দিন,152,আইন বিভাগ,সূর্যসেন হল
সদস্য ,মোঃ রিয়াদুল ইসলাম,153,উর্দু বিভাগ,স্যার এ এফ রহমান হল
সদস্য ,মোঃ লিলু বাবু,154,ব্যাংকিং ও ইন্সুরেন্স বিভাগ,কবি জসীম উদ্দীন হল
সদস্য ,মোঃ শাকিল,155,আরবি বিভাগ,স্যার এ এফ রহমান হল
সদস্য ,মোঃ শামীম রানা,156,ইতিহাস বিভাগ,বিজয় একাত্তর হল
সদস্য ,মোঃ শাহ আলম (অর্ন),157,আরবি বিভাগ,স্যার এ এফ রহমান হল
সদস্য ,মোঃ শাহিন পারভেজ,158,ফলিত রসায়ন ও কেমিকৌশল বিভাগ,ড. মুহম্মদ শহীদুল্লাহ হল
সদস্য ,মোঃ শাহিনুর রহমান,159,আন্তর্জাতিক সম্পর্ক বিভাগ,স্যার এ এফ রহমান হল
সদস্য ,মোঃ শিশির (তানিম),160,আইন বিভাগ,শেখ মুজিবুর রহমান হল
সদস্য ,মোঃ সজিব হোসাইন (রেড জুলাই),161,ফলিত গণিত বিভাগ,ড. মুহম্মদ শহীদুল্লাহ হল
সদস্য ,মোঃ সামশুদ্দৌজা নবাব,162,গণযোগাযোগ ও সাংবাদিকতা বিভাগ,বিজয় একাত্তর হল
সদস্য ,মোঃ সামসুল হক আনান,163,ম্যানেজমেন্ট ইনফরমেশন সিস্টেমস বিভাগ,শহীদ সার্জেন্ট জহুরুল হক হল
সদস্য ,মোঃ সিফাতুল ইসলাম,164,"মৃত্তিকা, পানি ও পরিবেশ বিভাগ",অমর একুশে হল
সদস্য ,মোঃ সোহানুর রহমান,165,লোকপ্রশাসন বিভাগ,সূর্যসেন হল
সদস্য ,মোঃ হাছনাইন,166,ফিন্যান্স বিভাগ,শেখ মুজিবুর রহমান হল
সদস্য ,মোঃ হাফিজুর রহমান,167,লেদার ইঞ্জিনিয়ারিং ও টেকনোলজী ইনস্টিটিউট,শহীদ সার্জেন্ট জহুরুল হক হল
সদস্য ,মোঃ হাসান জুবায়ের তুফান,168,আধুনিক ভাষা ইনস্টিটিউট,শহীদ সার্জেন্ট জহুরুল হক হল
সদস্য ,মোঃ হাসীব আল হাসান,169,আরবি বিভাগ,শহীদ সার্জেন্ট জহুরুল হক হল
সদস্য ,মোঃআরাফাত হোসেন,170,মার্কেটিং বিভাগ,সূর্যসেন হল
সদস্য ,মোঃতানজিম আহমেদ (অনয়),171,মার্কেটিং বিভাগ,সূর্যসেন হল
সদস্য ,মোছা; আফসানা আক্তার,172,ইসলামের ইতিহাস ও সংস্কৃতি বিভাগ,বাংলাদেশ-কুয়েত মৈত্রী হল
সদস্য ,মোর্তজা হোছাইন শাফি,173,দর্শন বিভাগ,শহীদ সার্জেন্ট জহুরুল হক হল
সদস্য ,মোসাঃ হাবিবা,174,ভাষাবিজ্ঞান বিভাগ,কবি সুফিয়া কামাল হল
সদস্য ,মোস্তফা আহমদ,175,আন্তর্জাতিক সম্পর্ক বিভাগ,সূর্যসেন হল
সদস্য ,মোহাম্মদ আব্দুল কাইয়ুম,176,ব্যবস্থাপনা বিভাগ,শেখ মুজিবুর রহমান হল
সদস্য ,মোহাম্মদ ইউনুছ শামিম,177,আরবি বিভাগ,হাজী মুহম্মদ মুহসীন হল
সদস্য ,মোহাম্মদ এরফান,178,গণযোগাযোগ ও সাংবাদিকতা বিভাগ,শহীদ সার্জেন্ট জহুরুল হক হল
সদস্য ,মোহাম্মদ রিদুয়ান,179,আইন বিভাগ,স্যার এ এফ রহমান হল
সদস্য ,মোহাম্মাদ আফজাল হুসাইন সিয়াম,180,আরবি বিভাগ,বিজয় একাত্তর হল
সদস্য ,রওনক জাহান,181,রাষ্ট্রবিজ্ঞান বিভাগ,বাংলাদেশ-কুয়েত মৈত্রী হল
সদস্য ,রঞ্জন রায়,182,পালি এন্ড বুদ্ধিস্ট স্টাডিজ বিভাগ,জগন্নাথ হল
সদস্য ,রাকিবুল ইসলাম,183,ম্যানেজমেন্ট ইনফরমেশন সিস্টেমস বিভাগ,সূর্যসেন হল
সদস্য ,রাকিবুল হাসান,184,দর্শন বিভাগ,মুক্তিযোদ্ধা জিয়াউর রহমান হল
সদস্য ,রাফিউল আমিন (মাইনুল হক),185,ইন্টারন্যাশনাল বিজনেস বিভাগ,শেখ মুজিবুর রহমান হল
সদস্য ,রাফিউল হক রাফি,186,ইন্টারন্যাশনাল বিজনেস বিভাগ,মুক্তিযোদ্ধা জিয়াউর রহমান হল
সদস্য ,রায়হান উদ্দীন,187,ইংরেজী বিভাগ,স্যার এ এফ রহমান হল
সদস্য ,রাহনুমা আহমেদ নিরেট,188,পদার্থ বিজ্ঞান বিভাগ,শামসুন নাহার হল
সদস্য ,রিফতি - আল - জাবেদ,189,যোগাযোগ বৈকল্য বিভাগ,রোকেয়া হল
সদস্য ,রিয়াজ উদ্দিন,190,ইসলামের ইতিহাস ও সংস্কৃতি বিভাগ,সূর্যসেন হল
সদস্য ,রিয়াদুল ইসলাম,191,আরবি বিভাগ,স্যার এ এফ রহমান হল
সদস্য ,শরীফ আব্দুল কাইয়ুম,192,পপুলেশন সায়েন্সেস বিভাগ,স্যার এ এফ রহমান হল
সদস্য ,শাহীন বিশ্বাস (শাহীন মুনতাসীর),193,সমাজবিজ্ঞান বিভাগ,বিজয় একাত্তর হল
সদস্য ,শেখ আনিয়া ফাহমিন,194,নৃবিজ্ঞান বিভাগ,শামসুন নাহার হল
সদস্য ,শোয়েব আহমেদ,195,পরিসংখ্যান বিভাগ,ফজলুল হক মুসলিম হল
সদস্য ,সরদার নাদিম মাহমুদ শুভ,196,দর্শন বিভাগ,সূর্যসেন হল
সদস্য ,সর্ব মিত্র চাকমা,197,সমাজবিজ্ঞান বিভাগ,জগন্নাথ হল
সদস্য ,সাইদুর রহমান মানিক,198,আধুনিক ভাষা ইনস্টিটিউট,সলিমুল্লাহ মুসলিম হল
সদস্য ,সাঈম উদ্দিন রোমন,199,ফার্মেসি বিভাগ,ফজলুল হক মুসলিম হল
সদস্য ,সাজ্জাদ হোসাইন,200,ইংরেজী বিভাগ,সলিমুল্লাহ মুসলিম হল
সদস্য ,সাদেকুর রহমান সানি,201,গণযোগাযোগ ও সাংবাদিকতা বিভাগ,হাজী মুহম্মদ মুহসীন হল
সদস্য ,সানোয়ার হোসাইন (সানি),202,রাষ্ট্রবিজ্ঞান বিভাগ,স্যার এ এফ রহমান হল
সদস্য ,সাফায়াত খলিল নাকিব,203,গণযোগাযোগ ও সাংবাদিকতা বিভাগ,শেখ মুজিবুর রহমান হল
সদস্য ,সাবিকুন নাহার তামান্না,204,উদ্ভিদ বিজ্ঞান বিভাগ,কবি সুফিয়া কামাল হল
সদস্য ,সাবিল আহমেদ,205,সমাজবিজ্ঞান বিভাগ,শেখ মুজিবুর রহমান হল
সদস্য ,সাব্বির উদ্দিন রিয়ন,206,আরবি বিভাগ,হাজী মুহম্মদ মুহসীন হল
সদস্য ,"সি, এম, মশিউল্লা ইব্রাহীম নিশাদ",207,বিশ্ব ধর্ম ও সংস্কৃতি বিভাগ,শহীদ সার্জেন্ট জহুরুল হক হল
সদস্য ,সৃজিতা এহসান,208,প্রিন্টিং এন্ড পাবলিকেশন স্টাডিজ বিভাগ,রোকেয়া হল
সদস্য ,সৈয়দ নাফিজ চৌধুরী,209,উদ্ভিদ বিজ্ঞান বিভাগ,ফজলুল হক মুসলিম হল
সদস্য ,সৈয়দ মিনহাজুল বাহার (মিনহাজ),210,আরবি বিভাগ,হাজী মুহম্মদ মুহসীন হল
সদস্য ,সোমানন্দ বড়ুয়া সৌরভ,211,স্বাস্থ্য অর্থনীতি ইনস্টিটিউট,জগন্নাথ হল
সদস্য ,সোয়াইব ইসলাম ওমি,212,আধুনিক ভাষা ইনস্টিটিউট,শহীদ সার্জেন্ট জহুরুল হক হল
সদস্য ,সোহান ফকির,213,তথ্যবিজ্ঞান ও গ্রন্থাগার ব্যবস্থাপনা বিভাগ,সূর্যসেন হল
সদস্য ,হাসান বিন রফীক,214,আইন বিভাগ,সলিমুল্লাহ মুসলিম হল
সদস্য ,হাসিবুর রহমান,215,ফারসি ভাষা ও সাহিত্য বিভাগ,হাজী মুহম্মদ মুহসীন হল
সদস্য ,হিশাম আনোয়ার,216,টিভি ও চলচ্চিত্র অধ্যয়ন বিভাগ,সূর্যসেন হল
সদস্য ,হেমা চাকমা,217,স্বাস্থ্য অর্থনীতি ইনস্টিটিউট,শামসুন নাহার হল